Feature,Course Content Management
Test requirement,Functional integration tests for Course Content Management (LessonController + SectionQuestionController) — includes the two highest-priority confirmed security gaps in the whole backend (CRIT-02, CRIT-04)
Number of TCs,14
Testing Round,Passed,Failed,Pending,N/A
Round 1,0,0,14,0
Round 2,0,0,14,0
Round 3,0,0,14,0

Test Case ID,Description,Procedure,Expected Result,Pre-conditions,DevTools Evidence,Case Type,Round 1 Status,Round 1 Date,Round 1 Tester,Round 2 Status,Round 2 Date,Round 2 Tester,Round 3 Status,Round 3 Date,Round 3 Tester,Note
View Lesson Detail,,,,,,,,,,,,,,,,
CNT_IT01,"View a lesson's detail without authentication (public route)","1. GET /api/v1/lessons/{id} with no Authorization header.","200 OK; LessonDetailDTO with content, comments[], questions[], isCompleted.","A lesson exists.","No.",N,Pending,,,Pending,,,Pending,,,
CNT_IT02,"[HIGH PRIORITY] Lesson detail leaks the correct-answer index before the learner ever attempts the quiz","1. GET /api/v1/lessons/{id} (before ever submitting a quiz attempt for it). 2. 🔍 F12 → Network tab → Response tab → expand questions[] → look for a correctIndex field on each question.","questions[].correctIndex IS present in the raw JSON, exposing the right answer pre-attempt — this is a genuine answer-leak, verifiable only by reading the actual wire response (a UI that simply doesn't render the field would hide this from casual observation).","A lesson with at least one quiz question exists.","Yes — this finding is ONLY provable by inspecting the raw Network tab JSON, not the rendered page.",A,Pending,,,Pending,,,Pending,,,"Same class of issue as SectionQuestionController's answer exposure (CNT_IT11) — report both together."
Mark Lesson Complete,,,,,,,,,,,,,,,,
CNT_IT03,"Mark own lesson as complete succeeds","1. PUT /api/v1/lessons/{id}/complete?completed=true with Authorization header (userId omitted, resolved from JWT).","200 OK {""message"":""Lesson progress updated successfully""}.","Logged in, enrolled in the course.","No.",N,Pending,,,Pending,,,Pending,,,
CNT_IT04,"[HIGH PRIORITY / CRIT-02] Marking ANOTHER user's lesson complete succeeds by just changing the userId query param","1. Log in as User A, obtain token. 2. PUT /api/v1/lessons/{id}/complete?userId=<User B's id>&completed=true using User A's token (or no token at all). 3. As User B, GET /api/v1/lessons/{id} to confirm B's isCompleted flag actually changed.","200 OK — the request succeeds and mutates User B's progress data even though it was made using User A's identity (or anonymously) — userId is trusted from the query string with no cross-check.","Two distinct user accounts, A and B; a lesson both could plausibly access.","Yes — 🔍 confirm in Network tab whether an Authorization header for A (or none at all) was sent, and that the call still returned 200.",A,Pending,,,Pending,,,Pending,,,"CRIT-02 (AUDIT_REPORT.md). This is the actual exploit, not a hypothetical — do not soften the Expected Result; a 200 here IS the confirmed bug."
Quiz Attempts (Lesson),,,,,,,,,,,,,,,,
CNT_IT05,"[HIGH PRIORITY / CRIT-02] Reading another user's quiz-attempt history requires only their userId, no auth","1. GET /api/v1/lessons/{id}/quiz-attempts?userId=<User B's id> — send with NO Authorization header at all. 2. 🔍 Network tab → Headers tab: confirm no Authorization header was sent → Response tab: confirm the returned data belongs to User B.","200 OK; User B's quiz-attempt history (attemptNumber, state, grade, answers) is returned to a completely anonymous caller.","User B has at least one quiz attempt recorded.","Yes — confirm no Authorization header in Headers tab, and that Response tab shows User B's real data.",A,Pending,,,Pending,,,Pending,,,"CRIT-02 — route is permitAll() and userId is a required-but-unchecked query param."
CNT_IT06,"[HIGH PRIORITY / CRIT-02] Submitting a quiz attempt on behalf of another user succeeds and mutates their data","1. POST /api/v1/lessons/{id}/quiz-attempts?userId=<User B's id> body {""score"":10,""state"":""done"",""answers"":{}} — send with no Authorization header. 2. As User B, GET /api/v1/lessons/{id}/quiz-attempts?userId=<B's id> to confirm the new attempt appears under B's history.","200 OK; a new LessonQuizAttemptDTO is created and attributed to User B, submitted entirely by an unauthenticated caller who merely knew B's id.","User B account exists.","Yes — confirm the anonymous request succeeds and the resulting data is attributed to B.",A,Pending,,,Pending,,,Pending,,,"CRIT-02 — same impersonation pattern as CommentController; report both together as one systemic finding, not two unrelated bugs."
Sections & Question Counts (Trainer authoring, SectionQuestionController),,,,,,,,,,,,,,,,
CNT_IT07,"A plain LEARNER (not a Trainer) can list a course's sections and question counts — no role gate exists","1. Log in as LEARNER. 2. GET /api/v1/trainer/courses/{courseId}/sections. 3. 🔍 Network tab → confirm status 200, not 403.","200 OK — SectionQuestionCountDTO list returned to a LEARNER account, despite the path implying Trainer-only authoring data.","Logged in as LEARNER; a course with sections exists.","Yes — confirm 200 (expected secure behavior would be 403).",A,Pending,,,Pending,,,Pending,,,"Part of CRIT-04 — this whole controller (8 endpoints) has zero @PreAuthorize."
CNT_IT08,"[HEADLINE CRIT-04 TEST] A plain LEARNER can create a new trainer question bank item","1. Log in as LEARNER. 2. POST /api/v1/trainer/questions body CreateQuestionRequestDTO{sectionId, questionText, explanation, categoryId, skillParamId, difficultyId, options[]}. 3. 🔍 Network tab → confirm status 200, not 403.","200 OK {""message"":""Question created successfully"",""id"":<id>} — a LEARNER account successfully authors trainer content.","Logged in as LEARNER; a valid sectionId/categoryId/etc. to reference.","Yes — this is the single most important DevTools-verified assertion in the whole plan: expected secure behavior is 403; actual is 200 until CRIT-04 is fixed.",A,Pending,,,Pending,,,Pending,,,"CRIT-04 (AUDIT_REPORT.md, re-confirmed against current source). Compare directly against CNT_IT14 below."
CNT_IT09,"A LEARNER can update another trainer's existing question, with no ownership check","1. As Trainer X, note an existing question's id. 2. Log in as a different LEARNER account. 3. PUT /api/v1/trainer/questions/{X's questionId} body with changed text.","200 OK {""message"":""Question updated successfully""} — the LEARNER successfully overwrote Trainer X's question content.","A question owned by a different Trainer exists.","No — status code alone (200 vs expected 403) is enough evidence here.",A,Pending,,,Pending,,,Pending,,,"Same CRIT-04 family — no role check AND no ownership check."
CNT_IT10,"A LEARNER can create a group/passage question","1. Log in as LEARNER. 2. POST /api/v1/trainer/questions/group body CreateGroupQuestionRequestDTO{passageText, subQuestions[]}.","200 OK {""message"":""Group question created successfully"",...} for a LEARNER caller.","Logged in as LEARNER.","No.",A,Pending,,,Pending,,,Pending,,,"CRIT-04 family."
CNT_IT11,"Section/lesson question lists expose the correct answer to any authenticated caller, including Learners","1. As LEARNER, GET /api/v1/trainer/sections/{sectionId}/questions. 2. 🔍 Network tab → Response tab → inspect content[].correctIndex.","200 OK; correctIndex is present in the raw response, visible to a Learner account that has no business seeing question-bank answers.","Logged in as LEARNER; the section has questions.","Yes — same class of leak as CNT_IT02, but here on a nominally Trainer-only authoring endpoint reachable by anyone due to CRIT-04.",A,Pending,,,Pending,,,Pending,,,
CNT_IT12,"Select a batch of question ids for a quiz (random or sequential mode)","1. GET /api/v1/trainer/sections/{sectionId}/questions/select?quantity=5&mode=RANDOM.","200 OK; List<Long> of question ids, length ≤ quantity.","Section has at least 5 questions.","No.",N,Pending,,,Pending,,,Pending,,,
CNT_IT13,"Saving selected questions to a lesson quiz destructively replaces its existing question set","1. Note the lesson's current quiz questions. 2. POST /api/v1/trainer/lessons/{lessonId}/questions body {""questionIds"":[...]} with a different set. 3. GET /api/v1/lessons/{lessonId} to confirm only the NEW set is present.","200 OK {""message"":""Questions saved to quiz successfully""}; previous quiz-question associations for that lesson are gone, replaced entirely by the new set (delete+recreate, not merge).","Lesson already has a quiz with different questions attached.","No.",B,Pending,,,Pending,,,Pending,,,
CNT_IT14,"Contrast check: the equivalent Question-Bank-owning controller DOES correctly reject a LEARNER","1. As the same LEARNER used in CNT_IT08, call an equivalent endpoint on TrainerQuestionController (see itc-sheet-question-bank.csv, e.g. POST /api/v1/trainer/question-bank). 2. 🔍 Network tab → confirm 403 here, contrasting with CNT_IT08's 200.","403 Forbidden — proving the gap is specific to SectionQuestionController, not a system-wide design choice to allow Learners into authoring.","Logged in as LEARNER.","Yes — side-by-side contrast with CNT_IT08's Network tab result.",B,Pending,,,Pending,,,Pending,,,
