Feature,RBAC / Account Management
Test requirement,Functional integration tests for RBAC / Account Management (AdminController)
Number of TCs,18
Testing Round,Passed,Failed,Pending,N/A
Round 1,0,0,18,0
Round 2,0,0,18,0
Round 3,0,0,18,0

Test Case ID,Description,Procedure,Expected Result,Pre-conditions,DevTools Evidence,Case Type,Round 1 Status,Round 1 Date,Round 1 Tester,Round 2 Status,Round 2 Date,Round 2 Tester,Round 3 Status,Round 3 Date,Round 3 Tester,Note
Dashboard Stats,,,,,,,,,,,,,,,,
RBAC_IT01,"View dashboard stats as ADMINISTRATOR succeeds","1. GET /api/admin/dashboard/stats header Authorization: Bearer <adminToken>.","200 OK; body has totalUsers, totalRoles, totalCourses, totalEnrollments, weeklyLabels[], weeklyValues[], topCourses[].","Logged in as ADMINISTRATOR.","No.",N,Pending,,,Pending,,,Pending,,,
RBAC_IT02,"Dashboard stats is rejected for a non-Administrator role","1. GET /api/admin/dashboard/stats with a LEARNER or TRAINER token. 2. 🔍 Network tab → confirm status 403.","403 Forbidden.","Logged in as LEARNER (or TRAINER).","Yes — confirm 403 in Network tab.",A,Pending,,,Pending,,,Pending,,,
View Account List,,,,,,,,,,,,,,,,
RBAC_IT03,"View account list with default staff filter","1. GET /api/admin/users header adminToken (no query params).","200 OK; paged {content[], totalElements, totalPages, page, size} — content limited to staff-type roles (default roleType).","At least one staff account exists.","No.",N,Pending,,,Pending,,,Pending,,,
RBAC_IT04,"View account list filtered by roleType=learner and search text","1. GET /api/admin/users?roleType=learner&search=<partial name>&page=0&size=10.","200 OK; content contains only LEARNER-role users matching the search text.","At least one matching Learner exists.","No.",N,Pending,,,Pending,,,Pending,,,
View Account Detail,,,,,,,,,,,,,,,,
RBAC_IT05,"View account detail for an existing user succeeds","1. GET /api/admin/users/{existingId}.","200 OK; UserResponse for that user.","A known user id exists.","No.",N,Pending,,,Pending,,,Pending,,,
RBAC_IT06,"View account detail for a non-existent id returns 404 (regression check)","1. GET /api/admin/users/999999999 (id that does not exist).","404 Not Found — confirms the previously-fixed bug (generic catch used to swallow this into a 400) stays fixed.","None.","No.",A,Pending,,,Pending,,,Pending,,,"Regression test for a fix already applied per unit_test_plan.md row 20 — Fail this case if a 400 is seen instead of 404."
Create Account,,,,,,,,,,,,,,,,
RBAC_IT07,"Create account with valid data and a whitelisted role succeeds","1. POST /api/admin/users body {""email"":""staff1@example.com"",""password"":""pass1234"",""fullName"":""Staff One"",""role"":""TRAINER""}.","200 OK; UserResponse with roles=[""TRAINER""]; an AuditLog row is written (verify via RBAC_IT15).","email not already registered.","No.",N,Pending,,,Pending,,,Pending,,,
RBAC_IT08,"Create account with a non-whitelisted/typo role is rejected (regression check)","1. POST /api/admin/users body includes ""role"":""typo123"".","400 Bad Request; no user row and no garbage Role row created.","email not already registered.","No.",A,Pending,,,Pending,,,Pending,,,"Regression test — previously silently created a garbage Role row on a typo (unit_test_plan.md row 21). Now whitelisted to LEARNER/TRAINER/TRAINER_LEAD/ADMINISTRATOR."
Update Account,,,,,,,,,,,,,,,,
RBAC_IT09,"Update account with valid field changes succeeds and writes an audit log entry","1. PUT /api/admin/users/{id} body {""fullName"":""Renamed""}. 2. GET /api/admin/audit-log to confirm a new row.","200 OK; UserResponse re-fetched with fullName updated; a new AuditLog row appears for this action.","Target user exists.","No.",N,Pending,,,Pending,,,Pending,,,
RBAC_IT10,"Update account is rejected when an Administrator tries to change their OWN status (self-lock, priority regression)","1. Log in as Admin X. 2. PUT /api/admin/users/{Admin X's own id} body {""status"":""INACTIVE""}.","400 Bad Request — self-lock guard blocks an admin from locking their own account via this endpoint.","Logged in as an ADMINISTRATOR, using their own id.","No.",A,Pending,,,Pending,,,Pending,,,"This was the MOST SERIOUS confirmed bug in the whole RBAC audit (unit_test_plan.md row 22) — updateUserByAdmin previously had ZERO self-lock/whitelist checks. This test case exists specifically to guard the fix; treat any Passed→200 result as a critical regression."
RBAC_IT11,"Update account with a non-whitelisted status value is rejected","1. PUT /api/admin/users/{id} body {""status"":""BANNED""} (not ACTIVE/INACTIVE).","400 Bad Request; status not persisted.","Target user exists, acting admin ≠ target.","No.",A,Pending,,,Pending,,,Pending,,,"Same regression family as RBAC_IT10 — shares the whitelist with updateUserStatus."
Update Account Status,,,,,,,,,,,,,,,,
RBAC_IT12,"Toggle a user's status between ACTIVE and INACTIVE via the dedicated endpoint succeeds","1. PUT /api/admin/users/{id}/status?status=INACTIVE. 2. GET /api/admin/users/{id} to confirm.","200 OK {""success"":true,...}; user's status becomes INACTIVE.","Target user exists, status currently ACTIVE, acting admin ≠ target.","No.",N,Pending,,,Pending,,,Pending,,,
RBAC_IT13,"Self-lock is rejected on the dedicated status endpoint too","1. Log in as Admin X. 2. PUT /api/admin/users/{Admin X's own id}/status?status=INACTIVE.","400 Bad Request — self-lock guard.","Logged in as ADMINISTRATOR, own id.","No.",A,Pending,,,Pending,,,Pending,,,
RBAC_IT14,"A non-whitelisted status value is rejected on the dedicated endpoint","1. PUT /api/admin/users/{id}/status?status=BANNED.","400 Bad Request; status unchanged.","Target user exists.","No.",A,Pending,,,Pending,,,Pending,,,
Audit Log,,,,,,,,,,,,,,,,
RBAC_IT15,"View audit log shows entries after create/update account actions, scoped to RBAC only","1. Perform RBAC_IT07/RBAC_IT09. 2. GET /api/admin/audit-log?limit=50.","200 OK; list includes the actorName/actionType/targetUserId/details/createdAt rows for those two actions.","At least one create/update action already performed this session.","No.",N,Pending,,,Pending,,,Pending,,,"Audit log is deliberately scoped to user-management actions only — do not expect rows from Course/Exam/Payment approve/publish actions here (unit_test_plan.md row 25)."
AI Usage Stats,,,,,,,,,,,,,,,,
RBAC_IT16,"View AI usage stats succeeds for ADMINISTRATOR","1. GET /api/admin/ai-usage.","200 OK; body has totalCalls, successCount, failureCount, chatCalls, embeddingCalls, successRate, weeklyLabels[], weeklyValues[].","Logged in as ADMINISTRATOR; at least one AI Assistant call previously made helps populate non-zero data.","No.",N,Pending,,,Pending,,,Pending,,,
Cross-cutting,,,,,,,,,,,,,,,,
RBAC_IT17,"Every /api/admin/** endpoint rejects a plain LEARNER token","1. Repeat RBAC_IT01/03/05/07/09/12/15/16 with a LEARNER token instead of an admin token. 2. 🔍 Network tab → confirm 403 on every call.","403 Forbidden on all — @PreAuthorize(hasRole('ADMINISTRATOR')) is applied consistently across the whole controller.","Logged in as LEARNER.","Yes — spot-check a couple of endpoints' Network tab responses for consistency.",B,Pending,,,Pending,,,Pending,,,
RBAC_IT18,"AdminController error responses are plain strings, not JSON objects","1. Trigger any error path above (e.g. RBAC_IT06's 404). 2. 🔍 Network tab → Response tab → confirm the body is a bare string, not {\"error\":...}.","Error body is plain text — a client parsing response.error will get undefined here, unlike NotificationController's {\"error\":...} style.","Any error case already triggered.","Yes — confirm raw Content-Type/body shape.",B,Pending,,,Pending,,,Pending,,,
