Feature,Recommendation
Test requirement,Functional integration tests for Recommendation (ExamCourseRecommendationController)
Number of TCs,5
Testing Round,Passed,Failed,Pending,N/A
Round 1,0,0,5,0
Round 2,0,0,5,0
Round 3,0,0,5,0

Test Case ID,Description,Procedure,Expected Result,Pre-conditions,DevTools Evidence,Case Type,Round 1 Status,Round 1 Date,Round 1 Tester,Round 2 Status,Round 2 Date,Round 2 Tester,Round 3 Status,Round 3 Date,Round 3 Tester,Note
Recommend Courses via AI,,,,,,,,,,,,,,,,
REC_IT01,"Recommend courses based on the caller's own completed exam attempt","1. POST /api/v1/exams/ai/recommend-courses body {""examAttemptId"":<own attempt id>}.","200 OK; ExamCourseRecommendationAIResponseDTO{weaknessSummary, recommendedCourses[≤3]}.","Logged in as LEARNER; has a completed exam attempt with at least one weak SkillType.","No.",N,Pending,,,Pending,,,Pending,,,
REC_IT02,"[HIGH PRIORITY / confirmed IDOR] Recommending courses using ANOTHER learner's examAttemptId succeeds and leaks their weakness data","1. As Learner A, submit an exam attempt, note the returned attempt id. 2. Log in as Learner B. 3. POST /api/v1/exams/ai/recommend-courses body {""examAttemptId"":<A's attempt id>}. 4. 🔍 Network tab → confirm status 200 and that the weaknessSummary reflects A's actual exam performance, not B's.","200 OK — B successfully receives a weakness summary and course recommendations built from A's exam data, despite never having taken that exam themselves.","Two Learner accounts, A and B; A has a completed exam attempt.","Yes — confirm 200 and that the content is genuinely A's data, not a generic/empty fallback.",A,Pending,,,Pending,,,Pending,,,"This gap is EXPLICITLY acknowledged in the controller's own source comment (// (MVP) Không validate ownership...) — a documented, deliberate MVP simplification, not a hidden bug. Report it as such."
REC_IT03,"Recommending courses without authentication is rejected","1. POST /api/v1/exams/ai/recommend-courses with no Authorization header.","401 Unauthorized (manual getCurrentUserId()==null check) — despite /api/v1/exams/** being permitAll() at the filter level.","None.","No.",A,Pending,,,Pending,,,Pending,,,
REC_IT04,"Recommending courses for a non-existent examAttemptId is handled gracefully","1. POST /api/v1/exams/ai/recommend-courses body {""examAttemptId"":999999999}.","A graceful not-found/guard response (per the service's null/not-found guard clauses), not a raw 500.","Logged in as LEARNER.","No.",A,Pending,,,Pending,,,Pending,,,
REC_IT05,"Response caps recommendations at 3 courses even if more would qualify","1. Use an exam attempt with weaknesses matching more than 3 tagged courses. 2. POST recommend-courses.","200 OK; recommendedCourses[] length is at most 3.","Learner attempt whose weaknesses match >3 candidate courses.","No.",B,Pending,,,Pending,,,Pending,,,
