Feature,Trainer Onboarding
Test requirement,Functional integration tests for Trainer Onboarding (TrainerOnboardingController)
Number of TCs,13
Testing Round,Passed,Failed,Pending,N/A
Round 1,0,0,13,0
Round 2,0,0,13,0
Round 3,0,0,13,0

Test Case ID,Description,Procedure,Expected Result,Pre-conditions,DevTools Evidence,Case Type,Round 1 Status,Round 1 Date,Round 1 Tester,Round 2 Status,Round 2 Date,Round 2 Tester,Round 3 Status,Round 3 Date,Round 3 Tester,Note
Become Trainer,,,,,,,,,,,,,,,,
TRN_IT01,"Become trainer grants the TRAINER role immediately, no approval gate","1. Log in as a LEARNER. 2. POST /api/v1/trainers/become-trainer?trainerType=PROFESSIONAL. 3. GET /api/v1/users/me to confirm roles[] now includes TRAINER.","200 OK; LoginResponse with a fresh token whose roles include TRAINER — access is immediate, not gated by Admin review.","Logged in as LEARNER.","No.",N,Pending,,,Pending,,,Pending,,,"Confirms BR-TRN-01 as revised 2026-07-17 — dashboard access is immediate; only publishing/monetization is gated later (see Course Management sheet)."
TRN_IT02,"Become trainer without authentication is rejected","1. POST /api/v1/trainers/become-trainer with no Authorization header.","401/403 — route requires isAuthenticated().","None.","No.",A,Pending,,,Pending,,,Pending,,,
View Own Trainer Profile,,,,,,,,,,,,,,,,
TRN_IT03,"Viewing own trainer profile for the first time JIT-creates a default profile row","1. As a freshly-promoted Trainer (TRN_IT01), GET /api/v1/trainers/profile.","200 OK; TrainerProfileDTO returned with status=PENDING_VERIFICATION even though no PUT was ever called — created just-in-time.","Logged in as TRAINER with no prior profile.","No.",N,Pending,,,Pending,,,Pending,,,
TRN_IT04,"Viewing trainer profile is rejected for a plain LEARNER (not TRAINER/ADMIN/TRAINER_LEAD)","1. Log in as LEARNER (never promoted). 2. GET /api/v1/trainers/profile. 3. 🔍 Network tab → confirm 403.","403 Forbidden.","Logged in as LEARNER only.","Yes — confirm 403 in Network tab.",A,Pending,,,Pending,,,Pending,,,
Save Trainer Profile Draft,,,,,,,,,,,,,,,,
TRN_IT05,"Saving a profile draft persists fields without submitting for review","1. PUT /api/v1/trainers/profile body {""bio"":""..."",""workplace"":""...""}. 2. GET /api/v1/trainers/profile to confirm.","200 OK; TrainerProfileDTO reflects the saved fields; status remains PENDING_VERIFICATION (not moved to review).","Logged in as TRAINER.","No.",N,Pending,,,Pending,,,Pending,,,
Submit Trainer Profile for Review,,,,,,,,,,,,,,,,
TRN_IT06,"Submitting the profile moves it toward the review queue","1. POST /api/v1/trainers/profile/submit body (full TrainerProfileDTO). 2. As Admin, GET /api/v1/admin/trainer-profiles?status=AWAITING_APPROVAL to confirm it appears.","200 OK; profile status moves from PENDING_VERIFICATION toward AWAITING_APPROVAL; appears in the Admin review list.","Logged in as TRAINER with a saved draft.","No.",N,Pending,,,Pending,,,Pending,,,"Verify actual enum values against real code before asserting an exact string — do not assume Draft/Submitted naming from the doc's prose."
View Trainer Profiles List (Admin),,,,,,,,,,,,,,,,
TRN_IT07,"Admin can list/filter trainer applications by status and search text","1. GET /api/v1/admin/trainer-profiles?search=<name>&status=AWAITING_APPROVAL.","200 OK; List<TrainerProfileDTO> filtered accordingly.","At least one matching application exists; logged in as ADMINISTRATOR.","No.",N,Pending,,,Pending,,,Pending,,,
TRN_IT08,"Listing trainer applications is rejected for a non-Administrator","1. GET /api/v1/admin/trainer-profiles as a TRAINER or TRAINER_LEAD token.","403 Forbidden.","Logged in as TRAINER (not ADMINISTRATOR).","No.",A,Pending,,,Pending,,,Pending,,,
Review Trainer Profile (Admin),,,,,,,,,,,,,,,,
TRN_IT09,"Admin approves a trainer application (status → VERIFIED)","1. PUT /api/v1/admin/trainer-profiles/{userId}/review body {""status"":""VERIFIED"",""revenueShare"":70,""adminNotes"":""ok""}.","200 OK; TrainerProfileDTO status=VERIFIED; this Trainer can now publish courses (cross-check in Course Management sheet).","Application exists in AWAITING_APPROVAL; logged in as ADMINISTRATOR.","No.",N,Pending,,,Pending,,,Pending,,,
TRN_IT10,"Admin suspends a trainer application (status → SUSPENDED)","1. PUT /api/v1/admin/trainer-profiles/{userId}/review body {""status"":""SUSPENDED"",""adminNotes"":""reason""}.","200 OK; status=SUSPENDED.","Application/profile exists; logged in as ADMINISTRATOR.","No.",N,Pending,,,Pending,,,Pending,,,
Error handling & response-shape checks,,,,,,,,,,,,,,,,
TRN_IT11,"A deleted/missing user on a profile call returns 400, not 404 (documented inconsistency)","1. Obtain a token for a user, then delete that user's DB row directly (scratch DB only). 2. GET /api/v1/trainers/profile with the now-stale token.","400 Bad Request — this controller's generic catch swallows UsernameNotFoundException into 400, unlike AuthController/UserController which return 404 for the equivalent case.","A token for a user that is then deleted from the scratch DB.","No.",B,Pending,,,Pending,,,Pending,,,"Documented, unfixed inconsistency — do not report as a new bug, just confirm it still matches this description."
TRN_IT12,"Error responses with special characters in the message still produce valid JSON","1. Trigger any 400 path whose underlying exception message could contain a double-quote (e.g. malformed multipart or an id containing special chars). 2. 🔍 Network tab → Response tab → attempt to parse the body as JSON.","Body should be valid JSON — hand-built via string concatenation (\"{\\\"error\\\": \\\"\" + e.getMessage() + \"\\\"}\"), so a message containing a raw quote or newline could break JSON parsing.","Any error-triggering request.","Yes — confirm the raw response parses as valid JSON in Network tab.",B,Pending,,,Pending,,,Pending,,,
TRN_IT13,"401 manual-check branch vs. Spring's own 401/403 — confirm which actually fires","1. Call GET /api/v1/trainers/profile with a syntactically invalid Bearer token (not just missing). 2. 🔍 Network tab → check whether the response body is the controller's hand-built {\"error\":\"Unauthorized\"} JSON or Spring Security's default empty-body 401/403.","Likely Spring's own filter-level rejection (empty body, standard status) — the controller's manual null-check branch for @AuthenticationPrincipal==null may be effectively dead code, since JwtAuthFilter should already reject an invalid token upstream.","None.","Yes — this is exactly the kind of ambiguity DevTools resolves; note which one actually happens.",B,Pending,,,Pending,,,Pending,,,
