Module	Class	Method	UTCID	Test Case (test method name)	Precondition	Input	Expected Result	Exception	Case Type (N/A/B)	Status	Exec Date	Defect ID	Created By	Executed By
Trainer Onboarding	TrainerOnboardingServiceImpl	becomeTrainer	UTC01	becomeTrainerShouldThrowWhenUserNotFound	no User row for email='unknown@example.com'	trainerType='PROFESSIONAL'	Error	UsernameNotFoundException: 'User not found with email: unknown@example.com'	A	Passed	2026-07-17		DucPM	DucPM
Trainer Onboarding	TrainerOnboardingServiceImpl	becomeTrainer	UTC02	becomeTrainerShouldGrantTrainerRoleAndCreateProfileForProfessional	User row exists, roles=['LEARNER']; 'TRAINER' role exists; no TrainerProfile row yet	trainerType='PROFESSIONAL'	LoginResponse{roles contains 'TRAINER'}; trainer_profiles row inserted: trainerType='PROFESSIONAL', revenueShare=0.70, status='PENDING_VERIFICATION'	None	N	Passed	2026-07-17		DucPM	DucPM
Trainer Onboarding	TrainerOnboardingServiceImpl	becomeTrainer	UTC03	becomeTrainerShouldUseSixtyPercentShareForPeerTutor	Same as UTC02	trainerType='PEER_TUTOR'	trainer_profiles row inserted: revenueShare=0.60	None	B	Passed	2026-07-17		DucPM	DucPM
Trainer Onboarding	TrainerOnboardingServiceImpl	becomeTrainer	UTC04	becomeTrainerShouldCreateTrainerRoleWhenItDoesNotExistYet	'TRAINER' role does NOT exist yet	trainerType='PROFESSIONAL'	roles row inserted: roleName='TRAINER'	None	B	Passed	2026-07-17		DucPM	DucPM
Trainer Onboarding	TrainerOnboardingServiceImpl	becomeTrainer	UTC05	becomeTrainerShouldUpdateTrainerTypeWhenProfileStillPendingVerification	User already has 'TRAINER' role; TrainerProfile row exists: status='PENDING_VERIFICATION', trainerType='PROFESSIONAL'	trainerType='PEER_TUTOR'	existing profile updated: trainerType='PEER_TUTOR', revenueShare=0.60; userRepository.save() never called (already Trainer)	None	B	Passed	2026-07-17		DucPM	DucPM
Trainer Onboarding	TrainerOnboardingServiceImpl	becomeTrainer	UTC06	becomeTrainerShouldNotChangeTrainerTypeWhenProfileAlreadyVerified	User already has 'TRAINER' role; TrainerProfile row exists: status='VERIFIED', trainerType='PROFESSIONAL'	trainerType='PEER_TUTOR'	existing profile UNCHANGED: trainerType stays 'PROFESSIONAL'; trainerProfileRepository.save() never called	None	B	Passed	2026-07-17		DucPM	DucPM
Trainer Onboarding	TrainerOnboardingServiceImpl	getTrainerProfile	UTC01	getTrainerProfileShouldThrowWhenUserNotFound	no User row for email='unknown@example.com'	email='unknown@example.com'	Error	UsernameNotFoundException	A	Passed	2026-07-17		DucPM	DucPM
Trainer Onboarding	TrainerOnboardingServiceImpl	getTrainerProfile	UTC02	getTrainerProfileShouldReturnExistingProfile	TrainerProfile row exists: status='VERIFIED'	email='known@example.com'	TrainerProfileDTO{status='VERIFIED'}; trainerProfileRepository.save() never called	None	N	Passed	2026-07-17		DucPM	DucPM
Trainer Onboarding	TrainerOnboardingServiceImpl	getTrainerProfile	UTC03	getTrainerProfileShouldJitCreateDefaultProfileWhenMissing	no TrainerProfile row exists	email='known@example.com'	TrainerProfileDTO{status='PENDING_VERIFICATION', revenueShare=0.70, trainerType=null}; trainer_profiles row inserted	None	B	Passed	2026-07-17		DucPM	DucPM
Trainer Onboarding	TrainerOnboardingServiceImpl	saveProfileDraft	UTC01	saveProfileDraftShouldThrowWhenUserNotFound	no User row for email='unknown@example.com'	(empty request)	Error	UsernameNotFoundException	A	Passed	2026-07-17		DucPM	DucPM
Trainer Onboarding	TrainerOnboardingServiceImpl	saveProfileDraft	UTC02	saveProfileDraftShouldThrowWhenProfileNotFound	User row exists; no TrainerProfile row	(empty request)	Error	IllegalArgumentException: 'Trainer profile not found for user: known@example.com'	A	Passed	2026-07-17		DucPM	DucPM
Trainer Onboarding	TrainerOnboardingServiceImpl	saveProfileDraft	UTC03	saveProfileDraftShouldRejectEditWhenAwaitingApproval	TrainerProfile row: status='AWAITING_APPROVAL'	(empty request)	Error	IllegalStateException: 'Hồ sơ đang chờ duyệt, bạn không thể chỉnh sửa thông tin.'	B	Passed	2026-07-17		DucPM	DucPM
Trainer Onboarding	TrainerOnboardingServiceImpl	saveProfileDraft	UTC04	saveProfileDraftShouldRejectEditWhenSuspended	TrainerProfile row: status='SUSPENDED'	(empty request)	Error	IllegalStateException: 'Tài khoản của bạn đã bị đình chỉ hoạt động.'	B	Passed	2026-07-17		DucPM	DucPM
Trainer Onboarding	TrainerOnboardingServiceImpl	saveProfileDraft	UTC05	saveProfileDraftShouldOnlyUpdateFieldsPresentOnDto	TrainerProfile row: status='PENDING_VERIFICATION', workplace='Old Workplace'	bio='New bio' (other fields null)	TrainerProfileDTO{bio='New bio', workplace='Old Workplace' unchanged} — null DTO fields never overwrite	None	N	Passed	2026-07-17		DucPM	DucPM
Trainer Onboarding	TrainerOnboardingServiceImpl	saveProfileDraft	UTC06	saveProfileDraftShouldAlsoUpdateUserLevelFields	TrainerProfile row: status='PENDING_VERIFICATION', linked to User row	phoneNumber='0909123456', avatarUrl='https://cloudinary.example/avatar.png'	users row updated: phoneNumber='0909123456', avatarUrl='https://cloudinary.example/avatar.png'	None	B	Passed	2026-07-17		DucPM	DucPM
Trainer Onboarding	TrainerOnboardingServiceImpl	submitProfileForReview	UTC01	submitProfileForReviewShouldThrowWhenUserNotFound	no User row for email='unknown@example.com'	(empty request)	Error	UsernameNotFoundException	A	Passed	2026-07-17		DucPM	DucPM
Trainer Onboarding	TrainerOnboardingServiceImpl	submitProfileForReview	UTC02	submitProfileForReviewShouldThrowWhenProfileNotFound	User row exists; no TrainerProfile row	(empty request)	Error	IllegalArgumentException: 'Trainer profile not found for user: known@example.com'	A	Passed	2026-07-17		DucPM	DucPM
Trainer Onboarding	TrainerOnboardingServiceImpl	submitProfileForReview	UTC03	submitProfileForReviewShouldRejectWhenAlreadyAwaitingApproval	TrainerProfile row: status='AWAITING_APPROVAL'	(empty request)	Error	IllegalStateException: 'Hồ sơ đang ở trạng thái chờ xét duyệt.'	B	Passed	2026-07-17		DucPM	DucPM
Trainer Onboarding	TrainerOnboardingServiceImpl	submitProfileForReview	UTC04	submitProfileForReviewShouldRejectMissingBio	TrainerProfile row: status='PENDING_VERIFICATION', bio=null	(empty request)	Error	IllegalArgumentException: 'Vui lòng điền giới thiệu bản thân & kinh nghiệm giảng dạy.'	A	Passed	2026-07-17		DucPM	DucPM
Trainer Onboarding	TrainerOnboardingServiceImpl	submitProfileForReview	UTC05	submitProfileForReviewShouldRejectMissingPhoneNumber	TrainerProfile row: bio='Experienced teacher'; User.phoneNumber=null	(empty request)	Error	IllegalArgumentException: 'Vui lòng cung cấp số điện thoại liên hệ.'	A	Passed	2026-07-17		DucPM	DucPM
Trainer Onboarding	TrainerOnboardingServiceImpl	submitProfileForReview	UTC06	submitProfileForReviewShouldRejectMissingAllCertificationDocuments	TrainerProfile row: bio set, degreeUrl/ieltsUrl/scoreReportUrl all null; User.phoneNumber='0909123456'	(empty request)	Error	IllegalArgumentException: 'Vui lòng tải lên ít nhất 1 tài liệu minh chứng năng lực.'	A	Passed	2026-07-17		DucPM	DucPM
Trainer Onboarding	TrainerOnboardingServiceImpl	submitProfileForReview	UTC07	submitProfileForReviewShouldMarkAwaitingApprovalWhenAllRequiredFieldsPresent	TrainerProfile row: bio + degreeUrl set, adminNotes='previous rejection reason'; User.phoneNumber='0909123456'	(empty request)	TrainerProfileDTO{status='AWAITING_APPROVAL'}; submittedAt set to now(); adminNotes cleared to null	None	N	Passed	2026-07-17		DucPM	DucPM
Trainer Onboarding	TrainerOnboardingServiceImpl	getTrainerProfilesForAdmin	UTC01	getTrainerProfilesForAdminShouldReturnAllWhenStatusIsAll	2 TrainerProfile rows: VERIFIED/PROFESSIONAL, PENDING_VERIFICATION/PEER_TUTOR	search=null, status='ALL'	returns 2 profiles	None	N	Passed	2026-07-17		DucPM	DucPM
Trainer Onboarding	TrainerOnboardingServiceImpl	getTrainerProfilesForAdmin	UTC02	getTrainerProfilesForAdminShouldFilterByStatus	Same 2 rows as UTC01	search=null, status='VERIFIED'	returns 1 profile{status='VERIFIED'}	None	N	Passed	2026-07-17		DucPM	DucPM
Trainer Onboarding	TrainerOnboardingServiceImpl	getTrainerProfilesForAdmin	UTC03	getTrainerProfilesForAdminShouldFilterBySearchTextOnNameOrEmail	2 rows: user='Alice Trainer'/alice@example.com, user='Bob Trainer'/bob@example.com	search='alice', status='ALL'	returns 1 profile{email='alice@example.com'}	None	N	Passed	2026-07-17		DucPM	DucPM
Trainer Onboarding	TrainerOnboardingServiceImpl	getTrainerProfilesForAdmin	UTC04	getTrainerProfilesForAdminShouldReturnEmptyWhenNoMatch	1 row: VERIFIED/PROFESSIONAL	search='nomatch', status='ALL'	returns empty list	None	B	Passed	2026-07-17		DucPM	DucPM
Trainer Onboarding	TrainerOnboardingServiceImpl	getTrainerProfilesForAdmin	UTC05	getTrainerProfilesForAdminShouldSortNewestSubmittedFirstAndPushNullsLast	3 rows: older(submittedAt=now-2d), newer(submittedAt=now), neverSubmitted(submittedAt=null)	search=null, status='ALL'	order = [newer, older, neverSubmitted] — nulls sort last	None	B	Passed	2026-07-17		DucPM	DucPM
Trainer Onboarding	TrainerOnboardingServiceImpl	reviewTrainerProfile	UTC01	reviewTrainerProfileShouldThrowWhenProfileNotFound	no TrainerProfile row for userId=99	status='VERIFIED'	Error	IllegalArgumentException: 'Không tìm thấy hồ sơ giảng viên cho ID người dùng: 99'	A	Passed	2026-07-17		DucPM	DucPM
Trainer Onboarding	TrainerOnboardingServiceImpl	reviewTrainerProfile	UTC02	reviewTrainerProfileShouldUseAdminProvidedRevenueShareWhenVerifying	TrainerProfile row: status='AWAITING_APPROVAL', trainerType='PROFESSIONAL'	status='VERIFIED', revenueShare=0.75, adminNotes='Custom rate approved'	TrainerProfileDTO{status='VERIFIED', revenueShare=0.75}; reviewedAt set	None	N	Passed	2026-07-17		DucPM	DucPM
Trainer Onboarding	TrainerOnboardingServiceImpl	reviewTrainerProfile	UTC03	reviewTrainerProfileShouldDefaultToSeventyPercentForProfessionalWhenNoRevenueShareGiven	TrainerProfile row: status='AWAITING_APPROVAL', trainerType='PROFESSIONAL'	status='VERIFIED' (no revenueShare)	TrainerProfileDTO{revenueShare=0.70} (default)	None	B	Passed	2026-07-17		DucPM	DucPM
Trainer Onboarding	TrainerOnboardingServiceImpl	reviewTrainerProfile	UTC04	reviewTrainerProfileShouldDefaultToSixtyPercentForPeerTutorWhenNoRevenueShareGiven	TrainerProfile row: status='AWAITING_APPROVAL', trainerType='PEER_TUTOR'	status='VERIFIED' (no revenueShare)	TrainerProfileDTO{revenueShare=0.60} (default)	None	B	Passed	2026-07-17		DucPM	DucPM
Trainer Onboarding	TrainerOnboardingServiceImpl	reviewTrainerProfile	UTC05	reviewTrainerProfileShouldNotRecalculateRevenueShareWhenSuspending	TrainerProfile row: status='VERIFIED', trainerType='PROFESSIONAL', revenueShare=0.70	status='SUSPENDED', adminNotes='Fraudulent documents'	TrainerProfileDTO{status='SUSPENDED', revenueShare=0.70 unchanged} — no recalculation on non-VERIFIED status	None	B	Passed	2026-07-17		DucPM	DucPM

Note (GAP-TRN-01, revised 2026-07-17): becomeTrainer grants the TRAINER role and Trainer Dashboard access IMMEDIATELY — before any Admin review. This is NOT a full approval bypass, though: TrainerDashboardServiceImpl.publishTrainerCourse still blocks publishing/selling any Course unless TrainerProfile.status='VERIFIED' (Admin-reviewed via reviewTrainerProfile). So the account can explore the dashboard and build Draft courses early, but cannot earn revenue until Admin approves — the meaningful part of BR-TRN-01 (no monetization without review) is intact, just enforced at a later checkpoint (publish) instead of at role-assignment time. HanGo_Documentation.md BR-TRN-01 and §9.2 state diagram updated 2026-07-17 to describe this two-checkpoint reality instead of the original single Approve-then-Trainer flow.
Note: Controller-layer tests for TrainerOnboardingController were removed 2026-07-17 per tester instruction to focus unit testing on the Service layer only. The controller's lack of 404-differentiation on UsernameNotFoundException (previously flagged GAP-TRN-02) is no longer covered by an automated test but the underlying gap in production code is unchanged.
